idx,message,predicted,expected,match
1,"–ï–µ —Å–µ–π—á–∞—Å –∏ –Ω–∏–∫—Ç–æ –Ω–µ –ª–æ–Ω–≥—É–µ—Ç, —ç—Ç–æ –≤—á–µ—Ä–∞—à–Ω—è—è —Å–¥–µ–ª–∫–∞",1,1,True
2,"–Ω–∞–¥–µ—é—Å—å —ç—Ç–æ—Ç –≤—Ç–æ—Ä–æ–π –¥—Ä–æ–ø –±—É–¥–µ—Ç –Ω–µ —Å–∏–ª—å–Ω–æ –∫–æ–ø–µ–µ—á–Ω—ã–π, –Ω—É –∏–ª–∏ —Ö–æ—Ç—è-–±—ã –±–æ–ª—å—à–µ –¥–∂–µ–∫–ø–æ—Ç–∞ –≤ 1–∫ –º–æ–Ω–µ—Ç, —è —É–∂–µ –≤—ã–∏–≥—Ä—ã–≤–∞–ª",1,1,True
3,"–ß—Ç–æ –∑–∞ –±—Ä–µ–¥? –°–∞–º –¥–≤–µ –Ω–µ–¥–µ–ª–∏ —Ç–∞–º –≥–∞—Å–∏–ª—Å—è –≤–æ—Ç, –≤—Å—ë –Ω–æ—Ä–º —Ç–∞–º —Å –±–∞–π–±–∏—Ç–æ–º –±—ã–ª–æ!",1,1,True
4,"–º–Ω–µ –≤–æ—Ç –¥—Ä—É–≥–æ–µ –∏–Ω—Ç–µ—Ä–µ—Å–Ω–æ, –∫–æ–≥–¥–∞ –ª–∏–±–æ, –∫–∞–∫–æ–π-—Ç–æ –æ–±—ã—á–Ω—ã–π —Ç–æ–∫–µ–Ω –±—É–¥–µ—Ç –≤ —Ä–æ—Å—Ç –Ω–∞ –±–∏—Ç–≥–µ—Ç? –º–æ–∂–µ—Ç –ª–∏ –∫—Ç–æ-—Ç–æ –≤—Å–ø–æ–º–Ω–∏—Ç—å —Ç–æ–∫–µ–Ω , —É –∫–æ—Ç–æ—Ä–æ–≥–æ –±—ã–ª —Ö–æ—Ä–æ—à–∏–π –ø–∞–º–ø –∏–ª–∏ —Ä–æ—Å—Ç , –∫–æ—Ç–æ—Ä—ã–π –ª–∏—Å—Ç–∏–ª—Å—è —Ç–æ–ª—å–∫–æ –Ω–∞ –±–∏—Ç–≥–µ—Ç –∏–ª–∏ –µ—â—ë –Ω–∞ –ø–∞—Ä—É –æ–±—ã—á–Ω—ã—Ö –±–∏—Ä–∂–∞—Ö?! —è –∑–∞ 8 –ª–µ—Ç –Ω–µ –ø—Ä–∏–ø–æ–º–Ω—é (( —è –º–æ–≥—É –¥–µ—Å—è—Ç–∫–∏ —Ç–æ–∫–µ–Ω–æ–≤/–ø—Ä–æ–µ–∫—Ç–æ–≤ –Ω–∞–∑–≤–∞—Ç—å –∫–æ—Ç–æ—Ä—ã‚Ä¶",1,1,True
5,"–¢–æ–∂–µ —Å–∞–º–æ–µ, —Ç–æ–ª—å–∫–æ –≤–µ—Ä–Ω—É–ª–∞—Å—å",1,1,True
6,–£ –º–µ–Ω—è —Ç–∞–∫–æ–µ —Å–æ–æ–±—â–µ–Ω–∏–µ –≤–∏—Å–∏—Ç –û—Ç–ø—Ä–∞–≤–∏—Ç–µ–ª—å,1,1,True
7,–ù–µ –≥—Ä—É–∑–∏—Å—å –∞ —Ç–æ –Ω–∞—á–Ω–µ—Ç—Å—è —Ç–∏–ª—å—Ç –∏ –≤—Å–µ –∂–æ–ø–∞ –±—É–¥–µ—Ç –∫–æ–Ω–∫—Ä–µ—Ç–Ω–∞—è,1,1,True
8,—ç—Ç–æ –∂–µ —Å–∫–∞–º —á–∏—Å—Ç–æ–π –≤–æ–¥—ã)),1,1,True
9,–∫—Ç–æ –∑–Ω–∞–µ—Ç –∫–∞–∫–∏–µ —â–∞—Å –ª–∏–º–∏—Ç—ã –Ω–∞ –∏–Ω–≤–∞–π—Ç–∏–Ω–≥?,1,1,True
10,"–ø–æ—Å–ª–µ –æ–±–Ω–æ–≤—ã, –∫–Ω–æ–ø–∫–∞ –æ–ø—É–±–ª–∏–∫–æ–≤–∞—Ç—å –∑–∞–ª–∞–∑–∏—Ç –Ω–∞ –∫–Ω–æ–ø–∫–∏ —Ç–µ–ª–µ—Ñ–æ–Ω–∞ –∏ –Ω–µ—Ä–µ–∞–ª—å–Ω–æ –∫–ª–∏–∫–∞—Ç—å, —Å —ç—Ç–∏–º —á—Ç–æ-—Ç–æ –¥–µ–ª–∞—Ç—å –±—É–¥—É—Ç?(",1,1,True
11,"–ù—É –∫—Ç–æ —Ç–æ –∂–µ –ø—Ä–∏–¥—É–º—ã–≤–∞–ª —Ç–µ–∫—Å—Ç, —Å–æ–≥–ª–∞—Å–æ–≤—ã–≤–∞–ª",1,1,True
12,–ê —á—ë —Å—Ä–∞–∑—É –Ω–∞ —Ç–≤–æ–π —Ç–æ?,1,1,True
13,"–Ø –ø–µ—Ä–≤–∞—è —Å–∫–∞–∑–∞–ª–∞, —á—Ç–æ –º–æ—à–µ–Ω–Ω–∏–∫–∏",1,1,True
14,–≠—Ç–æ –∫ –≤–µ–¥—Ä–æ–∏–¥—É –≤–æ–ø—Ä–æ—Å—ã –Ω–∞–≤–µ—Ä–Ω–æ,1,1,True
15,–Ø –ø–µ—Ä–≤—ã–π –ø–æ—Ä–∂–∞–ª,1,1,True
16,—Å–ª—É—Ö –∞ —Ç—ã –≥–¥–µ —Å–µ–π—á–∞—Å –≤ earn –Ω–∞ –∫–∞–∫–∏—Ö –±–∏—Ä–∂–∞—Ö –ø–æ–¥ –∫–∞–∫–∏–µ % —Ö—Ä–∞–Ω–∏—à—å –∞ —Ç—É –º–Ω–µ –∫–∞–∂–µ—Ç—Å—è –±–∏—Ç–≥–µ—Ç –º–µ–Ω—è –Ω–∞—ë–º—ã–≤–∞–µ—Ç —Å 8%,1,1,True
17,"–Ω—É –¥–∞, —Ç–æ–ª—å–∫–æ –±—ã–ª–æ –≤—Å–µ –æ–∫, –∞ –ø–æ—Ç–æ–º –Ω–∞—á–∞–ª–∏ –¥–∏–∑–∞–π–Ω –º–µ–Ω—è—Ç—å –∏ —Ç–æ–ª—å–∫–æ —Ö—É–∂–µ —Å—Ç–∞–ª–æ",1,1,True
18,"–†–∞—Å—Å–µ–ª –¥–≤–æ–π–Ω—É—é –≤–µ—Ä—à–∏–Ω—É –æ—Ç—Ä–∏—Å–æ–≤–∞–ª, –º–æ–∂–µ—Ç –±—ã—Ç—å —Ä–∞–∑–≤–æ—Ä–æ—Ç –≤–Ω–∏–∑",1,1,True
19,"–≤–µ–∑–¥–µ –ø–æ –Ω–µ–º–Ω–æ–≥—É,–∏ –æ—Å—Ç–∞–ª—å–Ω–æ–µ –Ω–∞ –±–∏—Ç–≥–µ—Ç–µ",1,1,True
20,"–í–æ—Ç —Ç–µ –Ω–∞, —Ç–æ–ª—å–∫–æ –≤—á–µ—Ä–∞ –Ω–∞—Ö–≤–∞–ª–∏–≤–∞–ª",1,1,True
21,–≤ —Å–∞–π—Ç–µ –∞–π–ø–µ—Ä–æ–Ω —Ç–∞–º –µ—Å—Ç—å –≤ —Å—Ç–∞—Ç—å–µ —á—ë—Ç–∫–∞ –∏–Ω—Å—Ç—Ä—É–∫—Ü–∏—è,1,1,True
22,"–û–ø—è—Ç—å —ç—Ç–∏ —Ç–æ–∫–µ–Ω—ã‚Ä¶ –Ω–∏–∫–æ–≥–æ –Ω–µ —É–¥–∏–≤–ª—è—é—Ç —É–∂–µ, –∞ –≤–æ—Ç –∏–Ω—Ç–µ—Ä–µ—Å–Ω–µ–Ω—å–∫–æ, —á—Ç–æ —Ç–∞–º —Å –Ω–∞–≥—Ä–∞–¥–∞–º–∏ –∑–∞ Linea –±—É–¥–µ—Ç. –ú–æ–∂–µ—Ç, –Ω–∞ —á—Ç–æ-—Ç–æ —Å—Ç–æ—è—â–µ–µ –ø—Ä–æ—Å–∫–æ—á–∏–º? –Ø –±—ã –Ω–µ –æ—Ç–∫–∞–∑–∞–ª–∞—Å—å –æ—Ç –ø–∞—Ä–æ—á–∫–∏ —Ç–æ–∫–µ–Ω–æ–≤ –¥–ª—è –∫–æ–ª–ª–µ–∫—Ü–∏–∏. –ê –∫–≤–µ—Å—Ç—ã –Ω–∞ Opensea ‚Äî —ç—Ç–æ –∂ –µ—â–µ —Ç–∞ –∑–∞–±–∞–≤–∞, –Ω–∞–¥–µ—é—Å—å, –Ω–µ —Ä–∞–∑–æ—á–∞—Ä—É—é—Ç.",1,1,True
23,–Ω–µ –Ω–µ —Å—á–∏—Ç–∞—é),1,1,True
24,—Å—á–∏—Ç–∞–ª–∞ PnL –Ω–∞—á–∏—Å–ª–µ–Ω–Ω—ã–π –∑–∞ –¥–µ–µ–Ω—å –æ–Ω —Å–æ–≤–ø–∞–¥–∞–µ—Ç —Å –∑–∞—è–≤–ª–µ–Ω–Ω—ã–º?,1,1,True
25,200–º doge –≤—ã–≤–µ–ª–∏ —Å –±–∏—Ä–∂–∏,1,1,True
26,"–æ–±—ã—á–Ω–æ –±–∏—Ä–∂–∏ –Ω–µ –æ–±–º–∞–Ω—ã–≤–∞—é—Ç, –Ω–æ —â–∞—Å –ø–æ—Å—á–∏—Ç–∞–ª –∑–∞ –ø–æ—Å–ª–µ–¥–Ω–∏–π –¥–µ–Ω—å —Ç–∞–º –ø–æ —Ñ–∞–∫—Ç—É 4% –≤—ã—Ö–æ–¥–∏—Ç –∞ –ø–∏—à—É—Ç 8%",1,1,True
27,–∑–∞–≤—Ç—Ä–∞ –≥–ª—è–Ω—É üòí –ø–æ —Ñ–∞–∫—Ç—É —è –ø–æ–ø–æ–ª–Ω—è–ª –≤—á–µ—Ä–∞ —Ç–æ–∫–∞,1,1,True
28,–Ω–∞ –±–æ–ª–µ–µ –∫—Ä—É–ø–Ω—É—é —Å—É–º–º—É —Å –±–∏–Ω–∞–Ω—Å–∞ –ø–µ—Ä–µ–Ω–æ—Å–∏–ª,1,1,True
29,"–¢–∞–º –∂–µ –æ—Ç—Å–µ—á–∫–∏ —É –≤—Å–µ—Ö —Ä–∞–∑–Ω—ã–µ, –∫—Ç–æ —Ç–æ –ø–æ—á–∞—Å–æ–≤—É—é –∫–∞–ø—É –ø–ª–∞—Ç–∏—Ç, –∫—Ç–æ —Ç–æ —Å—É—Ç–æ—á–Ω—É—é",1,1,True
30,–º—ç–π–±–∏ –Ω–µ –∑–∞ —Ñ—É–ª–ª –¥–µ–Ω—å –ø–æ—Å—á–∏—Ç–∞–ª–∏ –¥–∞ —è –∑–Ω–∞—é –Ω–µ–∫–æ—Ç–æ—Ä—ã–µ —Ä–∞–∑ –≤ 3 —á–∞—Å–∞,1,1,True
31,"—Ç–∞–º –Ω–∞ 300 $ —Ç–æ–ª—å–∫–æ –ø–æ–≤—ã—à–µ–Ω–Ω—ã–π –ø—Ä–æ—Ü–µ–Ω—Ç,–æ—Å—Ç–∞–ª—å–Ω–æ–µ –æ–±—ã—á–Ω–æ –ø–æ–¥ 4-6%",1,1,True
32,—Ç—É–¥–∞ –Ω–∞–∫–∏–¥–∞–ª–∏ –ª–∏–∫–≤–∏–¥–Ω–æ—Å—Ç–∏ APR —É–ø–∞–ª –≤—ã–≤–µ–ª –∫–æ–º—Å—É –∏ –ª–∏–∫–≤–∏–¥–Ω–æ—Å—Ç—å +9%,1,1,True
33,–ö–∞–∫ —Ç–∞–º –ª–∏–∫–≤–∏–¥–Ω–æ—Å—Ç—å –Ω–∞ –º—É—Ö–µ?,1,1,True
34,–ü–æ–ª–µ—Ç–µ–ª–∏ –Ω–∞ –Ω–∏–∑–∞,1,1,True
35,–û–ø–µ—Ä–∞—Ü–∏–∏ –ø—Ä–æ—Ö–æ–¥—è—Ç —á–µ—Ä–µ–∑ –¥—è–¥—é —Å –∫–æ–º–∏—Å—Å–∏–µ–π üòÇ,1,1,True
36,"–ü—Ä–∏–≤–µ—Ç –≤—Å–µ–º —É—á–∞—Å—Ç–Ω–∏–∫–∞–º –≥—Ä—É–ø–ø—ã. –ê –µ—Å—Ç—å —Ç—É—Ç —Å–ø–µ—Ü–∏–∞–ª–∏—Å—Ç—ã, –∫—Ç–æ —Ç–æ—Ä–≥—É–µ—Ç —Ä–æ–±–æ—Ç–æ–º?",1,1,True
37,–ò —ç—Ç–æ —Ç–æ–ª—å–∫–æ –Ω–∞—á–∞–ª–æ üëç,1,1,True
38,"–ö—Ç–æ-—Ç–æ —É–∂–µ –∫—É–ø–∏–ª $0G? üòÑ –î—Ä–æ–ø—ã - —ç—Ç–æ –∫–∞–∫ –ª–æ—Ç–µ—Ä–µ—è! üéâ –ö—Ç–æ –≥–æ—Ç–æ–≤ –∫ Airdrop-–≥–æ–Ω–∫–µ? üöÄ –°–∫–æ–ª—å–∫–æ —Ç–æ–∫–µ–Ω–æ–≤ —É –≤–∞—Å? ü§î –ó–µ–ª–µ–Ω—ã–µ –∑–∞–¥–∞–Ω–∏—è, —Ç–æ–ª—å–∫–æ —ç—Ç–æ –≤–∞–∂–Ω–æ! üíö –î–∞–≤–∞–π—Ç–µ –æ–±—Å—É–∂–¥–∞—Ç—å, –∫—Ç–æ —á—Ç–æ –¥—É–º–∞–µ—Ç!",1,1,True
39,–ì–¥–µ –º–æ–π –±–µ—Å–ø–ª–∞—Ç–Ω—ã–π —Ç–æ–∫–µ–Ω?,1,1,True
40,"–ß—Ç–æ —Ç–æ –Ω–µ –¥–æ–≥–Ω–∞–ª... –ü–æ –∫–∞–∫–æ–π –ø—Ä–∏—á–∏–Ω–µ –º–µ–Ω—è—é—Ç —Å—Ç–∞–≤–∫—É, —á—Ç–æ –º–Ω–µ –ø—Ä–∏—Ö–æ–¥–∏—Ç—Å—è –ø–ª–∞—Ç–∏—Ç—å –∑–∞ —à–æ—Ä—Ç –ø–æ –º—É—Ö–µ",1,1,True
41,"–¢–æ–∂–µ –æ–± —ç—Ç–æ–º –¥—É–º–∞–ª, –≤—ã–Ω–µ—Å—Ç–∏ –Ω–∞ –ø–æ—Å–ª–µ–¥–æ–∫ —à–æ—Ä—Ç–æ–≤ –∫–æ—Ç–æ—Ä—ã–µ –∑–∞ —Ö–∞–π —Å–ø—Ä—è—Ç–∞–ª–∏—Å—å –±—ã–ª–æ –±—ã –∫—Ä–∞—Å–∏–≤–æ",1,1,True
42,–ß—Ç–æ –æ–π?,1,1,True
43,–ó–Ω–∞—á–∏—Ç –Ω–µ –ø–æ–π–¥–µ–º —Ç—É–¥–∞ –°–ø–∞—Å–µ–±–∞ –±–ª–∏–Ω,1,1,True
44,"–µ—Å–ª–∏ –≤–µ—Ä–∏—Ç—å –±–∏–Ω–∞–Ω—Å–∫—É, —Ç–æ –ø–æ –≤—Å–µ–º —Ç—Ä–µ–º –≥—Ä–∞—Ñ–∏–∫–∞–º –ª–æ–Ω–≥—É—Å—Ç–æ–≤ —É–∂–µ –±–æ–ª—å—à–µ, —á–µ–º —à–æ—Ä—Ç–∏—Å—Ç–æ–≤",1,1,True
45,"–Ω—É –∞ –ø–æ—á–µ–º—É –ª–æ–Ω–≥–∏—Å—Ç—ã –¥–æ–ª–∂–Ω—ã —Ç–µ—Ä—è—Ç—å –Ω–∞ –ø–∞–¥–µ–Ω–∏–∏ —Ü–µ–Ω—ã, –¥–∞ –µ—â–µ –∏ —Ñ–∞–Ω–¥–∏–Ω–≥ –ø–ª–∞—Ç–∏—Ç—å? –∞ —Ç–∞–∫ –≤—Å–µ –ø–æ —á–µ—Å—Ç–Ω–æ–º—É - —Ç–æ–∫–µ–Ω –¥–µ—à–≤–µ–µ—Ç: –ª–æ–Ω–≥–∞–º –ø–ª–∞—Ç—è—Ç —Ñ–∞–µ–¥–∏–Ω–≥, –Ω–æ –±—Ä–µ–µ—Ç –ø–∞–¥–µ–Ω–∏–µ, –∞ —à–æ—Ä—Ç–∞–º –ø–ª—é—Å—É–µ—Ç –ø–∞–¥–µ–Ω–∏–µ, –Ω–æ –±—Ä–µ–µ—Ç —Ñ–∞–Ω–¥–∏–Ω–≥. —à–∏–ª–æ –Ω–∞ –º—ã–ª–æ - –¥–µ–Ω—å–≥–∏ —É –±–∏—Ä–∂–∏.",1,1,True
46,–î—Ä–æ–ø –º–µ—Ç–∞–º–∞—Å–∫–∞ –≤ —ç—Ç–æ–º —Ü–∏–∫–ª–µ —É–∂–µ —Ç–æ—á–Ω–æ –º–æ–∂–Ω–æ –Ω–µ –∂–¥–∞—Ç—å.,1,1,True
47,–î–æ –∫–æ–Ω—Ü–∞ –æ—Å—Ç–∞–ª–æ—Å—å-—Ç–æ —Ç—Ä–∏ –º–µ—Å—è—Ü–∞.,1,1,True
48,–µ–µ –Ω–∞–∫–æ–Ω–µ—Ü-—Ç–æ –Ω–∞—á–∞–ª–∏ —Å–ª–∏–≤–∞—Ç—å?),1,1,True
49,"—Ä–µ–±—è—Ç, –ø–æ—á–µ–º—É –∫–æ–≥–¥–∞ —Ä–∞–±–ª—Ç–∞–µ—à—å –Ω–∞ –±–∏—Ä–∂–µ –æ–Ω–∞ –∫–∞–∂–¥—ã–π —Ä–∞–∑ –≤—ã–ª–µ—Ç–∞–µ—Ç? —Å–æ–æ–±—â–µ–Ω–∏—è —Å –ø–æ–¥–¥–µ—Ä–∂–∫–æ–π —Ç–æ–∂–µ –Ω–µ —Å–æ—Ö—Ä–∞–Ω—è—é—Ç—Å—è",1,1,True
50,–î—É–º–∞—é —á—É—Ç—å —Ä–∞–∑–≥—Ä—É–∑—è—Ç –∏ –æ–ø—è—Ç—å –Ω–∞ 18,1,1,True
51,–ï–ø–∞ —Ç—É—Ç —Ö—É–¥–æ–∂–Ω–∏–∫),1,1,True
52,"–∞–∞,–ø–æ–Ω—è—Ç–Ω–æ,–¥–∞ –∑–∞–º–æ—Ä–∞—á–∏–≤–∞—Ç—å—Å—è –∏–∑ –∑–∞ 1-2 % –¥—É–º–∞—é –Ω–µ—Ç —Å–º—ã—Å–ª–∞",1,1,True
53,—Ö—ã–∑—ã –ø–æ –º–æ–µ–º—É —Å—Ç–æ–∏—Ç üòí,1,1,True
54,–ü–æ—Å–º–æ—Ç—Ä–∏—Ç–µ —á—Ç–æ —Å –º—É—Ö–æ–π üòÇüôà,1,1,True
55,"–ù—É –≤–æ—Ç –∏ –≤—Å—ë, –≤—ã –ø–∞—Ä–∏–ª–∏—Å—å",1,1,True
56,–£ –≤–∞—Å —Ç–∞–º –±–µ–π–∫ –ø–æ—Ç–µ–∫,1,1,True
57,–ì–æ–≤–æ—Ä–∏–ª–∏ —á—Ç–æ –≥–µ–º,1,1,True
58,–Ø –∂—ë—Å—Ç–∫–æ —Å–≥–æ—Ä–µ–ª...,1,1,True
59,–ê –∫–∞–∫ –ø—Ä–æ–≤–µ—Ä–∏—Ç—å –æ—Ä–∏–≥–∏–Ω–∞–ª—å–Ω–æ—Å—Ç—å –ø–æ—á—Ç—ã –±–∞–π–±–∏—Ç ?,1,1,True
60,"–ß—Ç–æ —Å–º–µ—à–Ω–æ–≥–æ, –Ω–∞–∫–æ–Ω–µ—Ü-—Ç–æ —É—à–ª–∞ –≤ –∫–æ—Ä—Ä–µ–∫—Ü–∏—é",1,1,True
61,–ó–∞–∫–æ–Ω–æ–º–µ—Ä–Ω–æ,0,1,False
62,"–ü—Ä–∏–≤–µ—Ç. –Ø –Ω–µ —Å–ø–µ—Ü–∏–∞–ª–∏—Å—Ç, –Ω–æ —Ç–æ—Ä–≥—É—é —Ä–æ–±–æ—Ç–æ–º",1,1,True
63,–ê —á–µ —Ç–∏—à–∏–Ω–∞ –≤ –≤–∏–¥–µ–æ—á–∞—Ç–µ?,1,1,True
64,–î–∞–∫ –æ–Ω–∞ —É–ø–∞–ª–∞ –Ω–∞ 11% –ø–æ—Å–ª–µ 18 –∏–∫—Å–æ–≤ —Ä–æ—Å—Ç–∞,1,1,True
65,–°–ª—ã—à–Ω–æ,1,1,True
66,ios —É —Ç–µ–±—è?,1,1,True
67,"MYX —Ç–≤–∞—Ä—å) –ü–æ—Å—Ä–µ–¥—Å—Ç–≤–æ–º –∞–Ω–æ–º–∞–ª—å–Ω–æ–≥–æ —Ñ–∞–Ω–¥–∏–Ω–≥–∞ –Ω–µ –ø–æ–∑–≤–æ–ª–∏–ª –¥–æ–¥–µ—Ä–∂–∞—Ç—å —à–æ—Ä—Ç, –∞ —Å–µ–π—á–∞—Å –≤—ã–≥–ª—è–¥–∏—Ç –±—É–¥—Ç–æ –ª–∏—Ç—å –Ω–∞—á–∏–Ω–∞—é—Ç (–Ω–µ —Å–æ–≤–µ—Ç—É—é –Ω–∏ —á–µ–≥–æ –±—Ä–∞—Ç—å!!) –ù—É –Ω–µ –æ—Ç–∫—Ä—ã–≤–∞—Ç—å –∂–µ –ø–æ–∑—É –≤–¥–æ–≥–æ–Ω–∫—É. –ù–µ –∏–∑–≤–µ—Å—Ç–Ω–æ –∫–∞–∫ —Å–µ–±—è –¥–∞–ª—å—à–µ –ø–æ–≤–µ–¥–µ—Ç",1,1,True
68,—É –º–µ–Ω—è –Ω–∞ –±–∏–Ω–∞–Ω—Å–µ —Ç–∞–∫ —Ä–∞—Å–∫–∏–¥–∞–Ω–æ –≤ 4 —Å—Ç–µ–π–±–ª–∞ –ø—Ä–æ—Å—Ç–æ –≥–¥–µ –ø—Ä–æ—Ü–µ–Ω—Ç –Ω–∞ –ª–∏–º–∏—Ç –¥–æ –¥–∞—é—Ç,1,1,True
69,"–Ø —Ç–æ–∂–µ —É–∂–µ –ø–æ—á—Ç–∏ —Å–æ–≥–ª–∞—Å–∏–ª—Å—è —Å –ê–∫–∞—Å–∏–µ–º, –∂–¥–∞–ª 20)",1,1,True
70,"–ü–∞—Ä–∏–ª—Å—è —è, –≤ –∏—Ç–æ–≥–µ –≤—ã—à–µ–ª –Ω–∞ 17, –Ω–∞–¥–æ –±—ã–ª–æ –∂–¥–∞—Ç—å, –Ω–æ –≤—Å–µ –ø—É–≥–∞–ª–∏ 20+",1,1,True
71,I joined #Bitgetsummer,1,1,True
72,"–ê –º–µ—Ä—Å–µ–¥–µ—Å —Å–≤–æ–µ–π –ª—é–±–∏–º–æ–π –∫—É–ø–∏–ª —Ç—Ä–µ–π–¥–µ—Ä, —à–æ—Ä—Ç–∏–≤—à–∏–π –∞–ª—å—Ç—É –ø–æ—Å–ª–µ–¥–Ω–∏–µ 2 –≥–æ–¥–∞ –∏ –∑–∞–∫—É–ø–∞–≤—à–∏–π –Ω–∞ —Å–ø–æ—Ç BGB, BTC.",1,1,True
73,–ê —Ç–∞–∫ –±—ã–≤–∞–µ—Ç?,1,1,True
74,–ö—Ç–æ-—Ç–æ —É–∂–µ –∫—É–ø–∏–ª $0G?,1,1,True
75,"–†–µ–±—è—Ç, –∞ —á—Ç–æ –∑–Ω–∞—á–∏—Ç –∑–∞–±–ª–æ–∫–∏—Ä–æ–≤–∞–Ω —Å—á—ë—Ç –∏–∑-–∑–∞ —Ö–∞–π —Ä–∏—Å–∫–∞? –ö—Ä–∏–ø—Ç—É –≤ –°–∏—Ç–∏ –ø–æ–∫—É–ø–∞–ª–∏, MEXC —É–∂–µ –Ω–µ —Ä–∞–±–æ—Ç–∞–µ—Ç —Å –†–§?",1,1,True
76,–ö—Ç–æ-—Ç–æ –µ—â–µ –≤–µ—Ä–∏—Ç –≤ —ç—Ç–æ?,1,1,True
77,–ü—Ä–æ —é—ç,1,1,True
78,"–ë–ª–∏–Ω, —è —Å–æ–≤—Å–µ–º –∑–∞–±—ã–ª, —á—Ç–æ –≤ –†–æ—Å—Å–∏–∏ –¢–ì –≥–ª—é—á–∏—Ç —Ç–µ–ø–µ—Ä—å(",1,1,True
79,–í—Ä–æ–¥–µ —â–∞—Å –¥–æ–ª–∂–µ–Ω –≤ –ø–ª—é—Å–µ –±—ã—Ç—å,1,1,True
80,"–û–Ω —É –º–µ–Ω—è –Ω–∞ —Ñ–∞–Ω–¥–∏–Ω–≥–µ —Å—Ç–æ–ª—å–∫–æ —Å –º–µ–Ω—è —Å—Ö–∞–≤–∞–ª, –Ω–µ –∑–Ω–∞—é –¥–∞–∂–µ –∫–∞–∫ –æ—Ç–±–∏–≤–∞—Ç—å —Ñ–∞–Ω–¥–∏–Ω–≥",1,1,True
81,–ú–æ–ª–æ–¥–µ—Ü –±–ª—è—Ö–∞ –º—É—Ö–∞,1,1,True
82,–í—Ä–æ–¥–µ –∫–∞–∫–æ–π-—Ç–æ –ø–∞—Ä–µ–Ω—å –≤ —Å–æ—Å–µ–¥–Ω–µ–º —á–∞—Ç–µ –µ–µ —Å 18.8 —Ä–µ—à–∏–ª –ª–æ–Ω–≥–∞–Ω—É—Ç—å,1,1,True
83,–¢–∞–∫ —Ç—ã –∏–∑–≤–∏–Ω—è–π—Å—è —Ç—ã –∂–µ —Å–∫–∞–∑–∞–ª–∞üòÜ –¥–∞–∂–µ –≥—Ä–∞—Ñ–∏–∫ –ø—Ä–∏–∫—Ä–µ–ø–∏–ª–∞,1,1,True
84,"–ò–∑–≤–∏–Ω–∏—Å—å —Ç–µ–±–µ –≥–æ–≤–æ—Ä—è—Ç! –¢–µ–±—è –º–º –Ω–µ –ª—é–±—è—Ç, –≤–æ—Ç –∏ –ø–æ—à–ª–∏ –≤–Ω–∏–∑, –∫–æ–≥–¥–∞ —è –Ω–∞–ø–∏—Å–∞–ª–∞ –≤—Å–µ –±—ã–ª–æ –æ–∫, —Ç–æ–ª—å–∫–æ —Ç—ã –∑–∞—à–µ–ª –≤ —á–∞—Ç, —Å—Ä–∞–∑—É —Å–ª–∏–≤",1,1,True
85,–û–ø—è—Ç—å —Ñ–∞–Ω–¥–∏–Ω–≥ –≤–∫–ª—é—á–∏–ª–∏,1,1,True
86,"–î–∞–º–∞–º –Ω–∞–¥–æ —É—Å—Ç—É–ø–∞—Ç—å, –æ—Å—Ç–∞–≤–ª—é —Ç–µ–±–µ —ç—Ç—É –≥—Ä—è–∑–Ω—É—é —Ä–∞–±–æ—Ç–µ–Ω–∫—É)",1,1,True
87,–¥–∞,0,1,False
88,–¢—ã –≤–æ–æ–±—â–µ –ø–æ–Ω–∏–º–∞–µ—à—å —á—Ç–æ –ù–∞–∑–∞—Ä–∫–æ –≥–ª–∞–≤–Ω—ã–π —É –º–º!? –û–Ω —Ç—É—Ç —Å–æ–±–∏—Ä–∞–µ—Ç –∏–Ω—Ñ—É –∏ –∏–¥–µ—Ç –≤—ã–Ω–æ—Å–∏—Ç—å,1,1,True
89,"–ü—Ä–æ—Å—Ç–∏—Ç–µ –º–º –µ–≥–æ, –æ–Ω –µ—â–µ –≥–ª—É–ø –∏ –Ω–µ –ø–æ–Ω–∏–º–∞–µ—Ç –ø—Ä–æ –≤–∞—à —á–∞—Ç –≤ –≤–∞—Ç—Å–∞–ø–µ",1,1,True
